"gene"	"logFC"	"AveExpr"	"t"	"P.Value"	"adj.P.Val"	"B"	"z.std"
"1"	"IFI6"	-0.00581635435642944	12.6211301617976	-3.19709373191877	0.00156099019868001	0.696762012371621	-3.6227815531876	-3.16309940672824
"2"	"MRFAP1"	0.0071747718018945	12.8675550606258	2.80927760050297	0.00535065591729577	0.696762012371621	-4.36088802872848	2.78512822593835
"3"	"PIGX"	0.00593270836570526	12.750556949838	2.80136340241437	0.00547342468707207	0.696762012371621	-4.56932884052895	2.7777646500899
"4"	"HNRNPH1"	0.00803887317372164	13.0689293514953	2.79529575793813	0.00557409609897297	0.696762012371621	-4.2992236507351	2.77183688194039
"5"	"NT5C3A"	-0.00657338795967342	12.8897313257196	-2.5967617040761	0.00995858903066625	0.81357279702257	-4.91676432502144	-2.5772638913769
"6"	"PBRM1"	0.00629647088446798	12.8094668124766	2.59371665179786	0.0100458762565021	0.81357279702257	-4.98791145481436	2.574246190993
"7"	"RNF13"	0.00513892801684379	12.7269513738684	2.45858881369343	0.014604623576268	0.81357279702257	-5.46918564899662	2.44203764623085
"8"	"SYK"	0.00438537288852786	12.6483447187593	2.444067683703	0.0152065253827849	0.81357279702257	-5.6465292240693	2.42742273840578
"9"	"COPG1"	0.00379423565838289	12.5712790896134	2.42922675752468	0.0158269536967209	0.81357279702257	-5.81844380808244	2.41288174505746
"10"	"SLC25A36"	-0.00505839194293386	12.7294886433938	-2.41860672786575	0.0162714559404514	0.81357279702257	-5.54966880679845	-2.40276914256379
"11"	"MAP3K13"	0.00465963498932442	12.696405388334	2.3430336241944	0.0198961319675108	0.816668787777208	-5.78459558876015	2.32830089217841
"12"	"GNL2"	0.00423693170769627	12.6697783273247	2.30619952266226	0.0218909962697892	0.816668787777208	-5.92278978659882	2.29225390078739
"13"	"MOB4"	-0.00561517651303868	12.8483227104569	-2.2660251315953	0.0242838303825661	0.816668787777208	-5.73592791544475	-2.25260872696751
"14"	"THAP1"	0.00388570300153025	12.622740350487	2.24577577960611	0.0255763949188399	0.816668787777208	-6.14530077055327	2.23258392834937
"15"	"CAPN7"	0.00374660043217336	12.6048718038007	2.21295675545396	0.0277889374993094	0.816668787777208	-6.23616259429983	2.20025317456708
"16"	"SLC35A4"	0.00360651316109148	12.6019480478186	2.20713510395153	0.028183567414254	0.816668787777208	-6.2692327930381	2.1947216962416
"17"	"ANKH"	0.00408402481302278	12.6690485611534	2.18254474052893	0.029985393194279	0.816668787777208	-6.20236594625217	2.17028327033509
"18"	"NAA50"	-0.00638453918720837	13.1732489432443	-2.16354629349262	0.0314254472914101	0.816668787777208	-5.80291724980607	-2.15164344890973
"19"	"DENND3"	0.00463175846007639	12.7318696211959	2.15924307027349	0.0317513842227821	0.816668787777208	-6.12301459344054	2.14752657023086
"20"	"NAPRT"	0.00308550871769159	12.5564134914923	2.13824611778438	0.0334541164605684	0.816668787777208	-6.53883145120886	2.12659057287816
"21"	"NADK"	0.00363291300459471	12.6175955518115	2.12780018666608	0.0343000890866427	0.816668787777208	-6.43688067767085	2.11652608505079
"22"	"NBDY"	0.00523100511606297	12.8065528813808	2.10854527326364	0.0359657906666872	0.817404333333799	-6.08530427541874	2.09731397384343
"23"	"EXOC3"	0.00283603320469808	12.5482674235428	2.03378852661288	0.0430145322383405	0.887082638304034	-6.76824834469717	2.02356885561826
"24"	"TCOF1"	0.00503364225586145	12.8043374529593	2.02231498543526	0.0441848775363875	0.887082638304034	-6.27622507990881	2.01233270071634
"25"	"SPCS1"	-0.00584941039919786	13.4067082960548	-2.02058198696495	0.0443541319152017	0.887082638304034	-6.10532257212923	-2.01072859517808
"26"	"S100A6"	0.00566830078688635	13.6931635757602	1.98885869507949	0.0477709573149717	0.905032726670743	-6.22993681028083	1.97940027731149
"27"	"NENF"	0.00493312962768069	12.8260846593615	1.97904723538018	0.0488717672402201	0.905032726670743	-6.34057321733128	1.96970868332863
"28"	"ZRANB2"	0.00511170864917967	12.9733722970459	1.86163484993533	0.0638010232937937	0.938590433897638	-6.45242669961291	1.85356776224916
"29"	"TRIM4"	0.00329085250309623	12.6297958125794	1.85599007363438	0.0645928964441615	0.938590433897638	-6.93608368799907	1.84806530289444
"30"	"NRAS"	-0.00406919278526835	12.7512648908789	-1.84713935069036	0.0658696008929937	0.938590433897638	-6.71905124056393	-1.83931001463947
"31"	"NUCKS1"	0.00517107708480527	12.9876517318438	1.84631540677605	0.065989510714684	0.938590433897638	-6.47781894366845	1.83849491334182
"32"	"FOXN2"	0.00260323715777973	12.55554843306	1.8441589309449	0.0663042026343281	0.938590433897638	-7.13578564960856	1.83636154736913
"33"	"PDIA6"	0.00521521749071994	12.9947806279736	1.83481073667439	0.0676827851819386	0.938590433897638	-6.49667237050147	1.82711297237447
"34"	"MAP3K1"	0.00372296151213091	12.6913420346362	1.83150971457342	0.0681752196341812	0.938590433897638	-6.82937022208501	1.82384691061149
"35"	"HLA-DMA"	0.00526830002460582	13.5118655925902	1.82705982398133	0.0688437237943136	0.938590433897638	-6.49122482185513	1.81944396895977
"36"	"MRPS17"	0.00303029854741971	12.6386418656325	1.7785538066325	0.0764881379226233	0.938590433897638	-7.0632941151247	1.77143653327102
"37"	"NUP210"	0.00322107065400833	12.6390952675827	1.77528002185195	0.0770450131448244	0.938590433897638	-7.04777034681928	1.76809506014114
"38"	"SNX4"	0.00292057257460947	12.6052693122027	1.77310898089714	0.0774067764606246	0.938590433897638	-7.11910414698363	1.76593486885188
"39"	"TLE4"	0.00384846321377667	12.7542026492628	1.75018155764923	0.081295048638329	0.938590433897638	-6.87092139928328	1.74322082798107
"40"	"PPA2"	0.00325737657633628	12.6780301653739	1.73947172899112	0.0831420898971922	0.938590433897638	-7.04969438337334	1.73273888425204
"41"	"DENND4B"	0.00271964451824052	12.5997036291586	1.73490824900631	0.0839664781308146	0.938590433897638	-7.23739591534181	1.72812130758514
"42"	"HNRNPR"	0.00502898429092328	13.0618737435146	1.73435836813595	0.0840465621902047	0.938590433897638	-6.65332336336584	1.72767469839557
"43"	"DEK"	0.00491750739974982	13.0987592895485	1.71572641426653	0.08741025080957	0.938590433897638	-6.6762390800301	1.7092197553852
"44"	"MAPKAP1"	0.00313831849366414	12.6620438394239	1.71074997630687	0.0883414306304437	0.938590433897638	-7.12242455083338	1.70421230796522
"45"	"HADHA"	-0.00450161237004282	12.9467417413287	-1.68351437353373	0.093500569789485	0.938590433897638	-6.77448813218937	-1.67721437121313
"46"	"COQ2"	0.00232166921902386	12.5507431969211	1.67960778242919	0.0942696465794974	0.938590433897638	-7.43320451752111	1.67329291478783
"47"	"INTS6L"	0.0023679397982042	12.5590481029603	1.67587172432254	0.0949723219359671	0.938590433897638	-7.43908737086936	1.66973239198403
"48"	"COPB2"	0.00333987363838335	12.6953817071405	1.66011183057761	0.0981323178890837	0.938590433897638	-7.12055103530074	1.65397635090239
"49"	"INPP5D"	0.00480260075905768	13.1503987565615	1.65744263303107	0.0986430457879207	0.938590433897638	-6.76250670598201	1.65146801915181
"50"	"ENTPD4"	-0.00267854435426489	12.6171530475869	-1.63789783832451	0.102659597329625	0.938590433897638	-7.361650662276	-1.63209441879737
"51"	"ATP5MC3"	0.00474570915451641	13.3128762764712	1.63680287445291	0.102888433105901	0.938590433897638	-6.792231001702	1.63100894014325
"52"	"SEPT2"	0.00469815165081157	13.0239236620655	1.6365649795099	0.102938204528954	0.938590433897638	-6.82525241594465	1.63077310450904
"53"	"POLR2K"	-0.00465605557706844	13.0695683409368	-1.63220200648051	0.103854428129888	0.938590433897638	-6.82491467028241	-1.62644780567078
"54"	"SEPT7"	0.00418877483271698	13.8855567793221	1.63082884476827	0.10416741476742	0.938590433897638	-6.92148677510377	1.62497721078466
"55"	"HARS"	0.00303464419924496	12.6713382932325	1.6165978387901	0.107209872723009	0.938590433897638	-7.26493872342809	1.61086168487973
"56"	"HERPUD2"	-0.00358826860289175	12.7467025947005	-1.59756280943941	0.1113619040215	0.938590433897638	-7.11439246509271	-1.59210148265908
"57"	"BCL6"	0.00252030866795172	12.5939113510109	1.57247579212974	0.117082057944755	0.938590433897638	-7.50371862931872	1.56713962912913
"58"	"CNST"	-0.00265295940718173	12.6212354511089	-1.562424344404	0.119411387324261	0.938590433897638	-7.4537988517014	-1.55724896398454
"59"	"MRPL20"	-0.0044964070456247	13.1149317836901	-1.55742158219133	0.120593803053678	0.938590433897638	-6.93431640301636	-1.55228601337857
"60"	"ITM2C"	0.00428527211610687	12.8893483124525	1.55729984639127	0.120630817370807	0.938590433897638	-7.01956517096292	1.5521312694044
"61"	"CD2AP"	-0.00291490439849085	12.6752601926505	-1.54823795572467	0.122788347539091	0.938590433897638	-7.36022492473618	-1.54317489193253
"62"	"KLHDC3"	0.00362063328467295	12.7506810584815	1.53468968686492	0.126083022542682	0.938590433897638	-7.19346052576153	1.52973222954644
"63"	"POLD2"	0.00379216395944652	12.792954994892	1.52888750236681	0.127535116920685	0.938590433897638	-7.1395378819961	1.52389430265187
"64"	"ANKIB1"	0.00297948849505139	12.6684466884427	1.52345993776451	0.128866032906309	0.938590433897638	-7.38843861465005	1.51858879662833
"65"	"RAB28"	-0.00294598669311853	12.6841188248387	-1.51953687556461	0.129853915920762	0.938590433897638	-7.36753874356981	-1.51467820717075
"66"	"TBRG4"	-0.00232312580924919	12.5883677480541	-1.51696291091007	0.130497943715838	0.938590433897638	-7.60213132294416	-1.51214120766935
"67"	"NSD1"	0.00401087162629501	12.9156274331413	1.51239582728883	0.131654715599146	0.938590433897638	-7.07681872811174	1.50760865773765
"68"	"SMAP2"	0.0041329406163879	12.915742634413	1.51061602362887	0.132126110953112	0.938590433897638	-7.06605356488743	1.5057704523973
"69"	"RANBP6"	0.00233446428153775	12.5846240545604	1.50788637425295	0.132824049678755	0.938590433897638	-7.6323526934024	1.50305814911414
"70"	"LSM2"	0.00390361618621488	12.8974454083013	1.49458519178597	0.13625395672442	0.938590433897638	-7.10458918389108	1.48988697557069
"71"	"FDFT1"	0.00255124867485867	12.6388421345401	1.48687062931454	0.138267624585944	0.938590433897638	-7.54564725472146	1.48227316871944
"72"	"SRGAP2"	0.00206041010538434	12.5532232511335	1.47845272277634	0.14051312592623	0.938590433897638	-7.7606608339965	1.47388288768056
"73"	"MARCH3"	0.00291972305448942	12.6869839333804	1.4754953846289	0.141296341510163	0.938590433897638	-7.44176148928997	1.47098068111491
"74"	"CCDC71"	0.00206632323184718	12.5656061799528	1.45156480714224	0.14783513333409	0.938590433897638	-7.77831640895022	1.44722065509878
"75"	"HNRNPD"	0.00384002833591233	12.918209440115	1.44555404346823	0.149537105245145	0.938590433897638	-7.14421540940965	1.44116842896857
"76"	"INPP4A"	0.0020116877850255	12.5564118354753	1.4370852695655	0.151902994937373	0.938590433897638	-7.82493538381433	1.4328420021284
"77"	"CSNK1A1"	-0.00415374094501662	13.0900342022969	-1.43397039640124	0.152810224756517	0.938590433897638	-7.09947525512974	-1.42967532719647
"78"	"DPY30"	0.00353642184191831	12.8075297664462	1.43372496193253	0.152859178961753	0.938590433897638	-7.27235760306364	1.42950486039865
"79"	"BCL10"	0.00309090179389961	12.7296052814596	1.41040394957815	0.159640642223294	0.938590433897638	-7.41803632303162	1.40628119395034
"80"	"NCF1"	0.00377843965231815	12.9069725363091	1.407139967027	0.160599129148073	0.938590433897638	-7.21912684626659	1.40305939175924
"81"	"ELOC"	-0.00394520338816458	13.0291658877572	-1.4023007510613	0.162025147261055	0.938590433897638	-7.18002803573125	-1.39829283945434
"82"	"MZT2A"	-0.00385100189473102	13.0212190689887	-1.38929619538022	0.165938207019809	0.938590433897638	-7.19953327799837	-1.38537377061286
"83"	"ACOT9"	-0.00251594080888131	12.6519669441838	-1.3828121109879	0.167919715372314	0.938590433897638	-7.65236504212182	-1.37891904530959
"84"	"SLC25A37"	0.00210477138380274	12.5964725230394	1.36875551273582	0.172263930618908	0.938590433897638	-7.82233536617571	1.36496538242245
"85"	"CPSF3"	-0.0020778313043995	12.5852638686806	-1.36397837628862	0.173760777785373	0.938590433897638	-7.83722676031822	-1.36021853840106
"86"	"ODF2L"	-0.00329894506708446	12.7982056815821	-1.35696355790794	0.175976453960325	0.938590433897638	-7.40080874468128	-1.35324787933166
"87"	"TRNAU1AP"	0.00262271020837886	12.6698666389135	1.34362918172694	0.180246517503858	0.938590433897638	-7.63682873553234	1.33999639330774
"88"	"TAZ"	0.00201993553019793	12.5891205464426	1.33943674976006	0.181604930080002	0.938590433897638	-7.88051598247551	1.33582973952953
"89"	"NME7"	-0.0023543618824513	12.6350071304095	-1.33492562799653	0.183075121409131	0.938590433897638	-7.76126399624608	-1.33134620501855
"90"	"SSBP2"	-0.00222878388568041	12.6166910558151	-1.33366742363107	0.183486752896447	0.938590433897638	-7.80404101293809	-1.33009566730553
"91"	"GATAD2B"	0.00298770894543959	12.7323513208462	1.32934740714924	0.184905329410289	0.938590433897638	-7.51372269839722	1.32580188219479
"92"	"BOP1"	0.00207264652086016	12.5913487485702	1.32838077664807	0.18522385924784	0.938590433897638	-7.87076721751968	1.32484110166676
"93"	"NOM1"	0.0022540660429111	12.6238827908022	1.32394155932852	0.186705502189173	0.938590433897638	-7.79013147956928	1.32038801745376
"94"	"HDAC6"	0.00183950472016773	12.5524037757481	1.32016186165145	0.187948713632285	0.938590433897638	-7.98855809942532	1.31667164038431
"95"	"MYD88"	-0.00232944805868272	12.6341203002844	-1.31810930430048	0.188633827462405	0.938590433897638	-7.77111512015297	-1.31463135360215
"96"	"SIT1"	0.00193301772264933	12.5693325268814	1.31773837920573	0.188795487375668	0.938590433897638	-7.92515675070585	1.31415072344298
"97"	"GIGYF2"	-0.00224646979782118	12.624567956082	-1.3147636772959	0.189754517175737	0.938590433897638	-7.79900899620742	-1.31130565925098
"98"	"USO1"	0.00253950353710018	12.6710180297731	1.31457750295795	0.189833530052997	0.938590433897638	-7.66387573871671	1.3110717320193
"99"	"FUNDC1"	-0.00203492771046788	12.5836090568463	-1.30948701395133	0.191532065137649	0.938590433897638	-7.91589914915092	-1.30606026216456
"100"	"GRSF1"	-0.00278672594433872	12.7299361440822	-1.29556634824662	0.196286166089511	0.938590433897638	-7.58870459231857	-1.29220498418186
"101"	"TRAK1"	-0.00208382299264477	12.5981009743647	-1.29393710704162	0.1968419707815	0.938590433897638	-7.89415765555775	-1.29060128333405
"102"	"AP5Z1"	-0.00219253247833336	12.6186176379429	-1.29358001177512	0.196965170818764	0.938590433897638	-7.8421546962932	-1.29024625505175
"103"	"GCC1"	-0.00212892604416245	12.6185834325883	-1.28710429824131	0.1992122788798	0.938590433897638	-7.85425443571623	-1.2837990420287
"104"	"BDP1"	0.00362505381184737	13.0353826242572	1.28324747724637	0.200554589472509	0.938590433897638	-7.33267104875728	1.279973120446
"105"	"ZFAND1"	-0.00269441944873015	12.7196283855467	-1.27571287430887	0.203202150824903	0.938590433897638	-7.65656401958793	-1.2724813374148
"106"	"LAX1"	0.0019282018469877	12.5872934738482	1.27017914931362	0.205175476224734	0.938590433897638	-7.95587042385911	1.26694354714279
"107"	"PPIL4"	0.00259934511452001	12.6932876822621	1.26742033943338	0.206145530330549	0.938590433897638	-7.67657943875703	1.26423545026644
"108"	"AIMP1"	0.00342931338950196	12.927069527974	1.25250672428814	0.211528354578619	0.938590433897638	-7.42238097392555	1.24937388754471
"109"	"TOR1A"	-0.0023034585093195	12.6537988567587	-1.2506910792626	0.212178025558906	0.938590433897638	-7.80250598549582	-1.24759877981557
"110"	"FBXO5"	0.00179507834282063	12.5652120907153	1.2365518094085	0.217375779666092	0.938590433897638	-8.05935723056351	1.23353619952589
"111"	"DMTF1"	-0.00272706235395574	12.7350653145534	-1.23408814805583	0.218298539773169	0.938590433897638	-7.64354395432567	-1.23106503960189
"112"	"ARMCX6"	0.00207207935139031	12.6251532988752	1.22928780332198	0.220081648285411	0.938590433897638	-7.91631782467273	1.2263110403154
"113"	"LAT2"	0.00342107417699995	12.9752473450658	1.22432606268529	0.221964594414874	0.938590433897638	-7.40751504482077	1.22132076461839
"114"	"FCRL3"	0.00314106351952072	12.8513271770515	1.21976682140728	0.22368551631991	0.938590433897638	-7.51033471029314	1.21678634607434
"115"	"SLC35F6"	0.00177398998115125	12.5751735270239	1.20022552042032	0.231166117406619	0.938590433897638	-8.07349294181453	1.19736038502947
"116"	"CCNL1"	0.00348259110381383	13.1750931902039	1.19663561439959	0.232544901245059	0.938590433897638	-7.41494256279233	1.19382890786742
"117"	"PDHA1"	0.00237792770055813	12.6760287122712	1.19221263259306	0.234283710719771	0.938590433897638	-7.79723580391109	1.18939641546145
"118"	"UBAP1"	0.00177698527339537	12.5783874057073	1.18073666175823	0.238792580980189	0.938590433897638	-8.08533524353146	1.17801009687671
"119"	"ZCCHC17"	0.0022497834276793	12.6592468299622	1.18027788529555	0.238974614199136	0.938590433897638	-7.86132230823448	1.17755360742768
"120"	"NDUFC1"	-0.00330593831162773	12.9761965272818	-1.17975236850158	0.239183249601498	0.938590433897638	-7.48592470654928	-1.17703070859794
"121"	"DCAF6"	0.0019739038106395	12.6097062723274	1.17657919874656	0.240445775676941	0.938590433897638	-7.99630568398638	1.17387330690237
"122"	"DDHD2"	0.00183807786310569	12.5884563148065	1.17111541101141	0.242630734946424	0.938590433897638	-8.07113355459364	1.16843651049084
"123"	"WTAP"	-0.00346980615432403	13.1323395911562	-1.16768553299421	0.244023952018825	0.938590433897638	-7.44373462743229	-1.16498774863662
"124"	"NDUFA1"	-0.00329614378986856	13.4359418379805	-1.1668390059973	0.244360733247181	0.938590433897638	-7.45367299914335	-1.16415615923956
"125"	"MAP3K7"	-0.00205388814292701	12.6328585498083	-1.15793007690309	0.247961255890757	0.938590433897638	-7.96549344933897	-1.15531548775962
"126"	"EIF2D"	0.00168583913529923	12.5752872681428	1.15455209150151	0.249340061892688	0.938590433897638	-8.14609624055438	1.15195379196763
"127"	"HBS1L"	0.00198385220685329	12.6281751128736	1.14986744048214	0.251261121820176	0.938590433897638	-7.98646185322965	1.14729160653131
"128"	"TBC1D1"	0.00242802295528601	12.6984167396134	1.14802212142689	0.252020685985254	0.938590433897638	-7.80042237751301	1.14545509702583
"129"	"MTHFD2L"	-0.00178061981232914	12.5897817612591	-1.13470084581415	0.257569542427907	0.938590433897638	-8.10617447012189	-1.13215436422177
"130"	"HSD17B10"	-0.00304229135242354	12.9077233853578	-1.13290997048643	0.258315909967073	0.938590433897638	-7.56559703188751	-1.13038054101601
"131"	"TRIM26"	0.00170464285196425	12.5849433639381	1.12945747417005	0.259751852700905	0.938590433897638	-8.15005710809665	1.12697783444313
"132"	"CPNE3"	0.00237959903674165	12.6967667848093	1.12651005823466	0.261015331148522	0.938590433897638	-7.82047587888192	1.12399456616463
"133"	"ZNF326"	0.00224669313562806	12.6849364722003	1.1239137108106	0.262099891065404	0.938590433897638	-7.87032394786329	1.12144170798122
"134"	"RALGPS2"	-0.00288366031543739	12.8421941132997	-1.11829274403973	0.264492764848504	0.938590433897638	-7.62870380481507	-1.11583500986164
"135"	"NUDCD3"	0.00204558169825812	12.6407970979061	1.11459863815322	0.266082629329933	0.938590433897638	-7.97689637087651	1.11212913994257
"136"	"BIN3"	-0.00198075219648007	12.6468372939436	-1.10770797928788	0.269017544058332	0.938590433897638	-7.98580884713465	-1.10532787401052
"137"	"ZDHHC21"	-0.00197857068512949	12.6424221397705	-1.10356803944218	0.270806777140381	0.938590433897638	-8.00686801429956	-1.10120653734242
"138"	"TULP4"	-0.00230963891590806	12.7291688845316	-1.09448684966454	0.27477330198219	0.938590433897638	-7.85681625939788	-1.09213605917252
"139"	"RNF220"	0.00165812932793629	12.5959225855109	1.09100696663208	0.276285652465384	0.938590433897638	-8.16618639785877	1.0887012453287
"140"	"YARS"	0.00253498957840365	12.7946943973417	1.07576645959628	0.283034690512669	0.938590433897638	-7.74719014382605	1.07352709052986
"141"	"RASA2"	0.00214971357737129	12.6774762994301	1.07259269330019	0.284469562875356	0.938590433897638	-7.92928380400291	1.07033273913846
"142"	"DUSP10"	-0.0028391807633065	12.89412469608	-1.06755197091519	0.286718583831554	0.938590433897638	-7.65136016091787	-1.06534776805873
"143"	"PEX13"	-0.00161410589645846	12.5769256635133	-1.06710425153193	0.286920300966866	0.938590433897638	-8.22956389737346	-1.06490195343141
"144"	"STRBP"	0.00253279459952589	12.7707642787667	1.0664718854211	0.287205373657471	0.938590433897638	-7.77198123310211	1.06427227553374
"145"	"SERINC1"	0.0021924356527385	12.7041268913446	1.05717202545505	0.291419988763618	0.938590433897638	-7.89099554945537	1.0550116672168
"146"	"STMP1"	0.00288757279727622	12.9430517848663	1.05549020225369	0.292193901858679	0.938590433897638	-7.63000598581786	1.05332099033288
"147"	"NONO"	-0.00284020935704038	12.9732443837375	-1.04544216906102	0.296795217654429	0.938590433897638	-7.63225816920247	-1.04333056950615
"148"	"OTUD6B"	0.00147989502560242	12.5670731875494	1.04465829825002	0.297156790356437	0.938590433897638	-8.27898761898649	1.04254992750088
"149"	"KIDINS220"	0.00153353959945719	12.5788089343347	1.0406353664451	0.299026921944674	0.938590433897638	-8.24331317146896	1.03852237916938
"150"	"RBMX"	-0.00295265704382696	13.4898529246449	-1.03276690629654	0.302678210369123	0.938590433897638	-7.61440669020678	-1.03070706562725
"151"	"SFT2D1"	0.00288337596321294	12.9985423219569	1.03152969213589	0.303268466130208	0.938590433897638	-7.63782256362059	1.02944956933303
"152"	"SDE2"	0.00149167919407876	12.5759650040656	1.02826629802581	0.304793316141041	0.938590433897638	-8.28238863448981	1.02620849894693
"153"	"CASP8"	0.00256766082166191	12.7927807496848	1.02811881918388	0.304866067246465	0.938590433897638	-7.75673172731721	1.0260541357583
"154"	"TMED5"	0.00232527637419225	12.7540250474951	1.02714219236914	0.305328841342424	0.938590433897638	-7.84246998322372	1.02507279419051
"155"	"TMEM243"	0.0030100023285366	13.1912259975989	1.02322935500668	0.307155983137826	0.938590433897638	-7.60472371883068	1.02120783061279
"156"	"PSMD14"	-0.00223187132835538	12.7477687813139	-1.0207493455482	0.308327511164134	0.938590433897638	-7.89813674016811	-1.01873769645593
"157"	"PINX1.1"	0.00152426902878796	12.5758930741976	1.01944612072328	0.308963476827253	0.938590433897638	-8.2860912649073	1.0173993800396
"158"	"RASGRP3"	0.00282379782884676	12.9580535783747	1.01810350186017	0.30958065078015	0.938590433897638	-7.66458604851012	1.01610234859532
"159"	"MEMO1"	-0.00155427077628499	12.5904500790621	-1.01700124245918	0.310103706435882	0.938590433897638	-8.25109700714833	-1.01500444965393
"160"	"HNRNPDL"	-0.0027508553193269	13.746118851118	-1.00927318801451	0.313804509405473	0.938590433897638	-7.67889161924205	-1.00727110915789
"161"	"COX6C"	0.0027002394368206	13.6856697132134	1.00702709931333	0.314863413569006	0.938590433897638	-7.68405320163237	1.00506944121962
"162"	"PUM3"	0.00227982966919248	12.7656062988633	1.00609753055499	0.315309455438412	0.938590433897638	-7.85173408797215	1.0041434902793
"163"	"XRN1"	-0.00256692939263862	12.8244787851223	-1.00165213497163	0.317457838031035	0.938590433897638	-7.77182553160131	-0.999695608324545
"164"	"PSIP1"	0.00262874361808546	12.8431146527968	0.99948766832645	0.318493149231498	0.938590433897638	-7.76312756471266	0.997559209194605
"165"	"UBAP2"	0.00146380388887328	12.5742158398727	0.998229740182409	0.319101430685553	0.938590433897638	-8.30757455436504	0.996306120904891
"166"	"SRSF11"	-0.00294226030269309	13.1519650353386	-0.989527179884082	0.323330559122216	0.938590433897638	-7.64538348256618	-0.987636795168796
"167"	"BIRC6"	0.0023872507747047	12.7810017364362	0.985576076693668	0.325262725839053	0.938590433897638	-7.84086413446046	0.983700638411008
"168"	"CALHM6"	-0.001953417800105	12.6630374761873	-0.981695452597852	0.327167765937467	0.938590433897638	-8.07644180566716	-0.979834607928615
"169"	"SMAD5"	0.00138322366885549	12.5532171808336	0.97337576374348	0.331292060677624	0.938590433897638	-8.37068992383297	0.971514651516499
"170"	"SET"	0.00277458093311994	13.4416652070292	0.968090467427792	0.333904032918208	0.938590433897638	-7.67270194390019	0.966280116195473
"171"	"RHOH"	0.00282231073666033	13.1975707012029	0.957845948930293	0.339051944603964	0.938590433897638	-7.65374859508752	0.956040161185137
"172"	"VAMP3"	0.00159590153027578	12.6124090839591	0.956024887488476	0.33995922297936	0.938590433897638	-8.24080932100878	0.95424582619099
"173"	"C8orf76"	-0.00136203774329442	12.561123776496	-0.951577809633866	0.342199981935819	0.938590433897638	-8.39281192946642	-0.949827358791098
"174"	"BTF3L4"	0.00258440033562962	12.9190874286918	0.949929151888701	0.343048495454915	0.938590433897638	-7.7398241907859	0.94815904043094
"175"	"WRAP73"	0.00141289053726338	12.5849548260077	0.946426670627891	0.344825641068119	0.938590433897638	-8.33048629564198	0.944673400242532
"176"	"TOR1AIP2"	0.00160592617542013	12.6487524405831	0.946259795378356	0.344899738734369	0.938590433897638	-8.21472572836479	0.944528316547823
"177"	"NINJ1"	0.00213008278505934	12.7383399869683	0.945480668437315	0.345296416847339	0.938590433897638	-7.94725181368956	0.943751956177473
"178"	"PTK2B"	-0.00165746013494062	12.6287406989202	-0.942074738651756	0.347039148237341	0.938590433897638	-8.20990699359015	-0.940347878339432
"179"	"TMUB1"	-0.00232458964620796	12.7973316623141	-0.941105710416622	0.347529276791845	0.938590433897638	-7.86672421276415	-0.939392471707117
"180"	"TMEM69"	0.00140561196319901	12.5825908245065	0.939908757589886	0.348150169491941	0.938590433897638	-8.33401625008332	0.938183396525281
"181"	"MIR4435-2HG"	-0.00140392418720985	12.5759901766362	-0.936341388402621	0.349971340617911	0.938590433897638	-8.36325839544851	-0.934644882376259
"182"	"CXCL3"	0.00134093573921498	12.5810522023416	0.934445195753435	0.350964377794262	0.938590433897638	-8.39021214971469	0.932720344630949
"183"	"COPS8"	0.00204383867302768	12.7093717096368	0.932536322317163	0.351945232092426	0.938590433897638	-7.98253348579493	0.93082280303578
"184"	"ADSS"	0.00226523313914958	12.7738182734127	0.919343596750629	0.358786017023253	0.938590433897638	-7.87819069102256	0.917680772053034
"185"	"ZNF680"	0.00137596869115139	12.5720793606414	0.917450885768848	0.359761560574413	0.938590433897638	-8.36866230787971	0.915819525750473
"186"	"DVL3"	0.00126241578497184	12.5546098902416	0.91100933700293	0.363139149395435	0.938590433897638	-8.44737630781551	0.909399758216681
"187"	"RBM28"	-0.00162145134439238	12.6578843157951	-0.909039023072556	0.364176245962029	0.938590433897638	-8.18237382936891	-0.907436063070616
"188"	"ZNF131"	-0.00235719745766329	12.844788999486	-0.907528464889231	0.364984342498653	0.938590433897638	-7.83768863917458	-0.905908391262932
"189"	"TP53BP2"	-0.0016563891564697	12.6518973823787	-0.901378043149879	0.368226361444447	0.938590433897638	-8.18825385782654	-0.899800625491538
"190"	"AP3B1"	0.00158054940233948	12.6412377295286	0.900440278729877	0.368724057731031	0.938590433897638	-8.22737174575364	0.898865966663403
"191"	"RAB1A"	-0.00211489630580302	12.7766863075453	-0.898810202261496	0.369590183533908	0.938590433897638	-7.92955210038409	-0.897241277658277
"192"	"FAM50A"	0.00209344659714735	12.7715292835052	0.897171386104972	0.370462234183739	0.938590433897638	-7.93828274536169	0.895607863976813
"193"	"COX17"	0.00271546402054459	13.2542940757789	0.89383463665575	0.372255942588436	0.938590433897638	-7.70539175136761	0.8922556077083
"194"	"CKS1B"	0.00160887580949313	12.6453805929327	0.889029036077444	0.374826485641796	0.938590433897638	-8.21710870681982	0.887468932006994
"195"	"CSNK1G3"	-0.00214604898706334	12.7773676093935	-0.883761355259284	0.377646212924509	0.938590433897638	-7.93970013766025	-0.882241520845962
"196"	"HIST1H1C"	0.00144530189781029	12.6121652967535	0.883167011949008	0.377977062526045	0.938590433897638	-8.31414547461358	0.881629748344364
"197"	"ANKRD13C"	-0.00137560458347332	12.5812334398138	-0.878372430033624	0.380557310655704	0.938590433897638	-8.40836952946722	-0.876869893089826
"198"	"GMEB1"	0.00160921661391169	12.6431537885764	0.878116926468716	0.38070744226428	0.938590433897638	-8.1859180755932	0.876593552835953
"199"	"COMMD10"	-0.00127759170852615	12.5774882664083	-0.876808513492861	0.381404727453866	0.938590433897638	-8.42518001744146	-0.875310968871085
"200"	"FCGR2B"	0.00135342196561142	12.5919491256296	0.873549313030301	0.383174482735803	0.938590433897638	-8.39066161049381	0.872062132704953
"201"	"FAM208A"	0.00129849275035585	12.5898556036004	0.872544728058031	0.383720993740398	0.938590433897638	-8.3869043164239	0.871060731531633
"202"	"REL"	0.00235439920221438	13.8494790760477	0.869445306534027	0.385410153327743	0.938590433897638	-7.88163617601781	0.867971100941579
"203"	"DTNBP1"	0.00199918422771971	12.7519636731715	0.861979853901593	0.389497485990169	0.938590433897638	-7.99928349707625	0.860529034016642
"204"	"C1orf131"	-0.00187012815119959	12.7327448077854	-0.858914850954472	0.391183225450308	0.938590433897638	-8.04576337241448	-0.85747355193341
"205"	"WDR82"	0.00178176099155232	12.6898271891025	0.85861470425709	0.391357779089095	0.938590433897638	-8.09480998189456	0.857157622637367
"206"	"ISCA1"	-0.00207120475488258	12.7902987073868	-0.853720549652746	0.394050225294395	0.938590433897638	-7.9480974730626	-0.852295279632069
"207"	"TOP2B"	0.00185338330147908	12.7294676381001	0.853074203636217	0.394423766002894	0.938590433897638	-8.0303647135717	0.851622286427476
"208"	"ARMC8"	-0.00172879263639926	12.7114843595921	-0.851313020539738	0.395400439643982	0.938590433897638	-8.1323989310608	-0.849864472742254
"209"	"ITGB1BP1"	0.00192106131622394	12.7451274636304	0.850931848991552	0.395594715006516	0.938590433897638	-8.02138521973027	0.84951512973079
"210"	"ANXA1"	0.00153119214836275	12.6374719333888	0.848437535763051	0.396979273864056	0.938590433897638	-8.24643509598108	0.847028432276346
"211"	"ARHGEF2"	0.00192237251641852	12.7360125692072	0.845028353328039	0.398883990361695	0.938590433897638	-8.03203712655476	0.843616053911648
"212"	"APEX2"	-0.00128072859960277	12.5803958041424	-0.84368394807664	0.399634659991994	0.938590433897638	-8.42453546681945	-0.842273894445508
"213"	"DUSP22"	-0.0017031388712521	12.7019299244934	-0.838797099299523	0.402358131755807	0.938590433897638	-8.1304365414933	-0.837417145168885
"214"	"ACAP2"	0.0021109666551793	12.8050971376831	0.834549384721029	0.404747892453924	0.938590433897638	-7.9430260373407	0.833171714759776
"215"	"IRF5"	0.00131475208481232	12.5960347865965	0.834191069041079	0.404959562306037	0.938590433897638	-8.40318533384432	0.83279640551603
"216"	"TBC1D9B"	0.00118579878438875	12.5675209572665	0.83026458379518	0.407155305877227	0.938590433897638	-8.49535111050692	0.828910053866888
"217"	"MUC20-OT1"	-0.00221640316436122	12.8832846914447	-0.822208201820385	0.411725982680782	0.938590433897638	-7.87517507640803	-0.820860061159178
"218"	"CYBB"	0.0016936737154602	12.6856178253822	0.818211774344102	0.41400287656661	0.938590433897638	-8.1597279055902	0.816869732436273
"219"	"RIPK2"	0.00146828681403547	12.6382476273284	0.81802863421911	0.4140942003371	0.938590433897638	-8.2793846897689	0.816709956044329
"220"	"NRROS"	0.00221324152399131	12.8949167938092	0.816921736825363	0.414734791360733	0.938590433897638	-7.8695806741817	0.815589789221625
"221"	"RPL10A"	0.000970285247326371	15.0695023049233	0.816703204780364	0.414856971782756	0.938590433897638	-8.69396787608199	0.815376255139678
"222"	"COX7A2L"	-0.00232489177609466	13.1868445082874	-0.811494095801902	0.417828527912034	0.940470972935581	-7.79813797317882	-0.810194274011263
"223"	"BCAR3"	0.0014651295970975	12.6356173841369	0.808686202258898	0.419450053929269	0.940470972935581	-8.2850992655266	0.807375715064291
"224"	"IDH3G"	0.00154559424857105	12.6794799873441	0.802382928327077	0.423081116575044	0.944377492355009	-8.21329988880921	0.801087285090758
"225"	"ING5"	-0.00152003243013638	12.6606857676206	-0.793164174091624	0.428409549416958	0.944415980972228	-8.24312862888996	-0.791916184410546
"226"	"EZR"	-0.00203251210544286	13.9031504047866	-0.791111051860696	0.42961747528373	0.944415980972228	-7.96272008468303	-0.789846403504628
"227"	"NDUFS5"	-0.00237279338691545	13.3098274137941	-0.790616338338062	0.429892611473241	0.944415980972228	-7.81219565805967	-0.789375430740832
"228"	"COBLL1"	0.00213594066581058	12.912368106333	0.784689150371503	0.433354331576846	0.944415980972228	-7.8974454825576	0.783464603851733
"229"	"RPL26L1"	-0.00170213059815522	12.729486253197	-0.783661633811012	0.433956088292446	0.944415980972228	-8.10275685284352	-0.782439907378977
"230"	"MRPL3"	-0.00195481357527708	12.8080743835627	-0.78285069421191	0.434431351247225	0.944415980972228	-7.99371726926781	-0.781631190086572
"231"	"CFAP36"	0.00120098843509169	12.5964560733948	0.771395603092222	0.441177008643023	0.953711172075789	-8.45129654348346	0.77020717467665
"232"	"POLE4"	-0.00215360285318712	12.9799762681623	-0.763554235742878	0.445835327107204	0.953711172075789	-7.88044026929334	-0.762376501062973
"233"	"EPC2"	0.00126552048208284	12.6069915055371	0.762385424451672	0.446534342127254	0.953711172075789	-8.3968889676479	0.761205485837777
"234"	"NOL8"	0.00176034604291892	12.7689544658838	0.759307658298852	0.448360358391332	0.953711172075789	-8.06495452340771	0.75815138913601
"235"	"CDV3"	0.00220500808806566	13.0933221131217	0.755056931346768	0.450907093608525	0.953711172075789	-7.85445808987731	0.753903625239639
"236"	"IMPA1"	-0.00119631049214618	12.5952879815548	-0.753232601001441	0.451995583195775	0.953711172075789	-8.46019614565479	-0.752092251743726
"237"	"SENP2"	0.00119746174319998	12.6022946022285	0.751217171361239	0.453205278721721	0.953711172075789	-8.45251648648835	0.750082068099017
"238"	"ARPC4"	0.00212759042943699	13.0942950344854	0.748605253011292	0.454775728174714	0.953711172075789	-7.85943734313526	0.747476922157568
"239"	"TRA2B"	-0.00212200878581063	13.2364449250033	-0.742516269867058	0.4584487546237	0.953711172075789	-7.84674168246418	-0.741403612763586
"240"	"LTB"	0.00199447861840082	13.8596302951989	0.738592372139004	0.460831978065176	0.953711172075789	-7.98331844816365	0.737477570752235
"241"	"MAD2L1BP"	0.00117068215537442	12.6036012206122	0.73768051102515	0.461377686499714	0.953711172075789	-8.47141042812463	0.736580188440223
"242"	"PPP6C"	0.00162745336438962	12.7284178379172	0.73732041949618	0.461596207284682	0.953711172075789	-8.14207439089324	0.736221011400924
"243"	"BSDC1"	0.00178191905367122	12.7835347415152	0.730142179370586	0.465964419077863	0.958483352716961	-8.05527576438027	0.729060886343902
"244"	"RBM27"	-0.00104440157731897	12.568509027427	-0.724962040202008	0.469138597366504	0.958483352716961	-8.56248980920127	-0.723881322744422
"245"	"NTMT1"	0.00176102173740111	12.7934809845371	0.722620955987774	0.470573714890785	0.958483352716961	-8.03648548178995	0.721545893545773
"246"	"MTDH"	-0.00213226351701823	13.3032823619703	-0.72100140707924	0.471573809536745	0.958483352716961	-7.84594733537888	-0.719920720504683
"247"	"AIMP2"	0.0011721806586547	12.6068979630429	0.704277651302945	0.481915290248185	0.973584637103598	-8.42699373706852	0.703225403546869
"248"	"CDKN2AIP"	0.00114626281875455	12.6100928822855	0.695469233374019	0.487385990550416	0.973584637103598	-8.47013504013215	0.694472420856944
"249"	"KDM5C"	0.00098022978114282	12.5627477428362	0.694411078954713	0.48804804264351	0.973584637103598	-8.59669655387826	0.693416767478874
"250"	"ANAPC10"	0.00108787836274227	12.5981167415145	0.69077019958239	0.490329743015991	0.973584637103598	-8.51494582903115	0.689784459380095
"251"	"DNAJB14"	0.00176398854953756	12.84235776794	0.68577997129086	0.49347409471248	0.973584637103598	-8.00386650513864	0.684793726444255
"252"	"STAP1"	-0.00123658935916442	12.6587135596801	-0.685350621766074	0.49373679338108	0.973584637103598	-8.34915340933596	-0.684377542335938
"253"	"THOC3"	0.00108165654373158	12.6018049227902	0.683505838887675	0.494899428185414	0.973584637103598	-8.50259354675391	0.682537042516711
"254"	"MTFR1L"	-0.00104206299221867	12.5852018591025	-0.682617564453002	0.495459768499015	0.973584637103598	-8.54732776408389	-0.681650825607117
"255"	"MFSD8"	0.00122512331880721	12.6402814429205	0.676575982857337	0.499292109375373	0.973584637103598	-8.36221339463876	0.675603987163001
"256"	"C8orf59"	-0.0020001196764493	13.0959547889187	-0.676019367942036	0.499636743846612	0.973584637103598	-7.91045245201138	-0.675061419478815
"257"	"UFL1"	-0.00143796683711992	12.7095793353978	-0.674773823261749	0.50042250347125	0.973584637103598	-8.21989253341098	-0.673825118432345
"258"	"SLC30A9"	0.00100656688798713	12.5774171942432	0.670261835046049	0.503289206111279	0.975366678510232	-8.55215387155545	0.66932339516951
"259"	"DHX16"	-0.0010209050777668	12.5838958962543	-0.661172368152392	0.509095825761565	0.979932377886834	-8.5387419804049	-0.660246235973378
"260"	"TOP1MT"	-0.000993882906263034	12.5806965738526	-0.658930356552222	0.510531956649556	0.979932377886834	-8.56167311267634	-0.658009609048735
"261"	"CUTA"	0.00184556452403599	13.0061861987839	0.653675806840408	0.513908279529607	0.979932377886834	-7.9400233630428	0.652764241949714
"262"	"ODR4"	-0.000946994052960278	12.5726467394574	-0.645600821071437	0.519110528218519	0.979932377886834	-8.59826840298476	-0.644717107018526
"263"	"PNRC2"	0.00187907620140292	13.1027522132175	0.641832570829171	0.521550609737874	0.979932377886834	-7.93203857881547	0.640957017027961
"264"	"TMEM156"	0.00148004937793228	12.7680424306475	0.63977576721287	0.522884965904284	0.979932377886834	-8.15192302306549	0.638904645240708
"265"	"IRAK2"	-0.00111074795229747	12.6140044560547	-0.639040057762553	0.523362686923388	0.979932377886834	-8.48569719403514	-0.638170517235566
"266"	"RPIA"	0.00158626278719234	12.7886880517985	0.63410366847354	0.526582217515421	0.979932377886834	-8.09800579762919	0.633231899204163
"267"	"AKAP17A"	-0.00145953485287601	12.7590976097614	-0.633692452085152	0.526845999004054	0.979932377886834	-8.15019411758902	-0.632827955360694
"268"	"SYTL3"	-0.000874921492504109	12.5583659541081	-0.633509417645179	0.526961116476975	0.979932377886834	-8.64975888001592	-0.632651701682729
"269"	"RAP1A"	0.00179217525643026	13.0158853084638	0.632325207040183	0.527740902181288	0.979932377886834	-7.94745325312531	0.631458306884406
"270"	"CASP3"	0.00111503189940848	12.631828077705	0.630142863758195	0.52916348405889	0.979932377886834	-8.43292786878375	0.629283480914164
"271"	"MYO1G"	-0.00132659529000872	12.7353905417931	-0.6211231939589	0.535074875916548	0.985576410577296	-8.23123944997538	-0.620277848863744
"272"	"RWDD4"	0.00129759701681076	12.6898912552351	0.618689102171763	0.536665965169065	0.985576410577296	-8.29160819200624	0.617862522794741
"273"	"FNTA"	-0.00144481454093695	12.7734033851457	-0.61647323956998	0.538124720175204	0.985576410577296	-8.16905651771431	-0.615651247638232
"274"	"SLF1"	-0.000921731822611795	12.581098002197	-0.60380620276019	0.546501969489095	0.992317709734063	-8.59947117816869	-0.603010101114229
"275"	"MIIP"	-0.000974552036655658	12.6259612547816	-0.602975510935225	0.547063979416289	0.992317709734063	-8.52672925181395	-0.602165497929297
"276"	"IRF1"	-0.001751084283181	13.532593100113	-0.59857066012492	0.54998333709633	0.992317709734063	-7.98070240865009	-0.597785095223647
"277"	"RPL34"	0.000511963712893047	15.5269648603575	0.597443245309278	0.550741101672784	0.992317709734063	-9.17503027412419	0.596649969685646
"278"	"CETN2"	0.00130959730962495	12.7447179734122	0.587635496073982	0.557302777922682	0.992317709734063	-8.21008730278876	0.586852493621763
"279"	"DOCK2"	-0.00108218564271847	12.6448718235934	-0.587501212032604	0.557379941892041	0.992317709734063	-8.44222432912331	-0.586737613610835
"280"	"CERS2"	-0.00092623134206589	12.6057689387997	-0.583279904811297	0.560213394508723	0.992317709734063	-8.57151100122863	-0.582524573216066
"281"	"GPAT4"	0.00107729071470403	12.647314794106	0.580575074709306	0.562032631017904	0.992317709734063	-8.40237017530361	0.57982500852325
"282"	"ARHGAP15"	-0.00105963880773921	12.652537286454	-0.574615520398343	0.566058032266702	0.992317709734063	-8.42214457893532	-0.573866665093381
"283"	"ISY1"	0.00106291645544743	12.6474627376653	0.573472246750314	0.566823532350565	0.992317709734063	-8.41609213957254	0.572735890801949
"284"	"PARP15"	-0.000952301167705449	12.6173835891096	-0.571928591819148	0.567872471103739	0.992317709734063	-8.52809984102509	-0.571187617229917
"285"	"CDC26"	-0.00144602282661263	12.8419187634862	-0.571543919869314	0.568127591326509	0.992317709734063	-8.098117788006	-0.570811257117382
"286"	"KIAA0232"	0.00111350381784632	12.6629657556867	0.563227009283624	0.573768500284955	0.992317709734063	-8.37230331173585	0.56251013509149
"287"	"GPM6B"	-0.00118846199125319	12.7203549423956	-0.562909018804415	0.573984704737084	0.992317709734063	-8.27375349884563	-0.562192743783124
"288"	"AC103591.3"	-0.000860310456054009	12.590983807217	-0.562708465864447	0.574121082355957	0.992317709734063	-8.59868407842215	-0.561992568564067
"289"	"MSL3"	0.00147983517766164	12.823128081655	0.562498300998721	0.57426401272117	0.992317709734063	-8.11069589885006	0.561782799381896
"290"	"RNF11"	0.00100243823726579	12.6294242179297	0.554206925427205	0.579916343315606	0.992317709734063	-8.47407330297744	0.553506920139474
"291"	"CYSLTR1"	-0.000995319246299343	12.633285257515	-0.553682894590278	0.580274461279233	0.992317709734063	-8.48640542146478	-0.552983861263557
"292"	"LEPROTL1"	-0.00115377634151728	12.7124767561728	-0.551630526062581	0.581678034060387	0.992317709734063	-8.30372177195503	-0.550935290967188
"293"	"C8orf33"	-0.00148576826841663	12.8652051003006	-0.548309113165008	0.583958981937808	0.992317709734063	-8.08203165420921	-0.547611076878928
"294"	"PDS5A"	-0.00100233868432925	12.6516907499886	-0.545809630086984	0.585667484531301	0.992317709734063	-8.46714230842928	-0.545125094546121
"295"	"FAM98A"	0.000809678612626738	12.5852735029526	0.542019664311	0.588275978438915	0.992317709734063	-8.6433704204051	0.541336047649919
"296"	"AC245297.3"	0.00157483718679844	13.0711345165499	0.541891640031818	0.588368644233343	0.992317709734063	-7.98937578269036	0.54120158630873
"297"	"NFKB1"	0.00165543721293625	13.2467738762141	0.536967131220291	0.591758570627066	0.992317709734063	-7.97250944129205	0.536289377883131
"298"	"CDC42EP3"	0.00123656863099798	12.7279754407905	0.536341246734902	0.592192065459406	0.992317709734063	-8.24004940005113	0.535662152304741
"299"	"ARL6IP5"	0.0015063941559681	13.0451491069956	0.534571017778381	0.593405990420969	0.992317709734063	-8.01336166786648	0.53390683866608
"300"	"SMN1"	-0.000832402743787932	12.5972207122949	-0.520246352186404	0.603346634543664	0.992971816502764	-8.56543126515848	-0.519593923021615
"301"	"DR1"	0.00145406943386663	12.9147848580282	0.51908213074575	0.604147567766092	0.992971816502764	-8.06827001045611	0.518445368302552
"302"	"LRRFIP2"	0.00101504321724297	12.6701837869203	0.518865842512798	0.604298184124845	0.992971816502764	-8.3856475446108	0.518229457769236
"303"	"CAPN2"	0.00122476901826977	12.7778973809014	0.518045673218995	0.604869478335105	0.992971816502764	-8.19601124621507	0.517410719444877
"304"	"NSD2"	0.000778719313354301	12.5877569799799	0.513631825307956	0.607954933197983	0.992971816502764	-8.63747359433286	0.512994835666325
"305"	"TENT5C"	-0.00130274196109868	12.8098603856389	-0.511078855753701	0.609732049429695	0.992971816502764	-8.17153002576612	-0.510455976196864
"306"	"ARFGEF1"	-0.000865062199056924	12.6241249042643	-0.50373413126868	0.61487721658668	0.992971816502764	-8.53155896786099	-0.503123825543632
"307"	"ZBTB2"	-0.000871685079141702	12.6177713271716	-0.500943419526833	0.616839354574546	0.992971816502764	-8.55988907196573	-0.500334799530709
"308"	"HLA-DQB1"	0.00120661377445221	14.1870146827982	0.498486505469132	0.618565039040654	0.992971816502764	-8.34523090812936	0.497885087027921
"309"	"MAP7D1"	0.00106409656229124	12.7023871193421	0.496078667263077	0.620265782681805	0.992971816502764	-8.30946172029062	0.495473699459427
"310"	"PCMT1"	0.0012608778880918	12.8401844903661	0.493162912210603	0.622319942851743	0.992971816502764	-8.12669708815594	0.492565057533073
"311"	"CCT3"	-0.00130314918673597	12.9897782926586	-0.491839884283165	0.623256404809386	0.992971816502764	-8.09057067046489	-0.49124043282033
"312"	"TRAF1"	-0.00112172261528042	12.7411784257986	-0.488236927063334	0.625795903769463	0.992971816502764	-8.27296685488508	-0.487652638859656
"313"	"ELOA"	0.000879560747697742	12.6456579541393	0.486187912328519	0.627246952830344	0.992971816502764	-8.48567960339144	0.48560542008404
"314"	"PRPF38A"	0.00119812071432929	12.7999086159914	0.479017810445054	0.632337020826967	0.992971816502764	-8.17408324710864	0.478440068374995
"315"	"HUS1"	-0.000790026338517142	12.6109909244389	-0.473968563984077	0.635924525210557	0.992971816502764	-8.58914432857288	-0.47340463288622
"316"	"UBA6"	-0.00111935555942935	12.7530618667305	-0.472071164917926	0.637274228444664	0.992971816502764	-8.27207376918415	-0.471513294070874
"317"	"SGK3"	0.000765696809143871	12.5977823761639	0.465181510502168	0.642197618560072	0.992971816502764	-8.62404742635266	0.464628361173566
"318"	"LY86"	-0.00108903501246044	12.7451642574469	-0.463864171258048	0.643135415446005	0.992971816502764	-8.27434211555136	-0.463319437200226
"319"	"PDE6D"	0.0007682019171947	12.6077855124222	0.46318108897479	0.643624267301673	0.992971816502764	-8.60113756857437	0.462637440121029
"320"	"SLC39A4"	-0.000722916239403677	12.582563987834	-0.460574889407192	0.645496581217512	0.992971816502764	-8.63351375310432	-0.460027361295734
"321"	"BMP2K"	-0.00101459659663051	12.7414464344954	-0.453700175386695	0.650428195561216	0.992971816502764	-8.27894233656647	-0.453167413174573
"322"	"XRCC5"	-0.00131554928193733	13.0811640684151	-0.449149164818466	0.653700367738914	0.992971816502764	-8.04268608039913	-0.44862753425671
"323"	"VMA21"	0.000975035227582485	12.7246089836163	0.445182541007298	0.656564347998258	0.992971816502764	-8.3165016478038	0.444661566457539
"324"	"CCZ1"	0.00101529189438317	12.7783871901591	0.4357131978674	0.663408429266232	0.992971816502764	-8.23354379038508	0.435212170614812
"325"	"ABCB4"	0.000791350418695688	12.6538667633966	0.433391753456168	0.665091605125054	0.992971816502764	-8.48598951777141	0.43289423949813
"326"	"KCMF1"	-0.000780128620708441	12.6472009553953	-0.433047566616787	0.665341304513627	0.992971816502764	-8.50295610255711	-0.432550572401798
"327"	"CGAS"	0.000889162626483939	12.6920611062395	0.431610750499937	0.666384083516602	0.992971816502764	-8.38701797302067	0.431115922760627
"328"	"HLA-E"	0.000775605795788954	14.3864552306929	0.431351328357802	0.666576797811338	0.992971816502764	-8.50521241186444	0.430850884695903
"329"	"TKT"	0.00107164428122198	12.8035790159639	0.428872162469831	0.668377184360093	0.992971816502764	-8.18676158223649	0.428376289392326
"330"	"FBXO9"	0.000809986486252603	12.6479775901126	0.427564860774293	0.669323895877578	0.992971816502764	-8.48694055134139	0.427076105902822
"331"	"RIOK2"	0.00065704445717687	12.5934425652194	0.425506134385704	0.670821764111893	0.992971816502764	-8.66779770640984	0.425020454082102
"332"	"DMAP1"	0.000673301107378019	12.613351449311	0.423388273430962	0.67236403099686	0.992971816502764	-8.63576078898127	0.422905745117349
"333"	"SMIM20"	-0.000742959915571889	12.6318467683756	-0.422983178623809	0.672661581254557	0.992971816502764	-8.55280449440064	-0.422497971185216
"334"	"LTA"	0.000590783138111058	12.5518839751803	0.42268399623319	0.672877206926211	0.992971816502764	-8.77485179893688	0.422202513649911
"335"	"PLEKHO1"	0.00111815038741621	12.8804768516442	0.419060130659646	0.675520177769115	0.992971816502764	-8.13524819920895	0.418584009751148
"336"	"MIB2"	0.00060366821146664	12.5781836725938	0.415529484951091	0.678099036765133	0.992971816502764	-8.73313616810157	0.415058557158093
"337"	"ACP1"	-0.00115821101482742	13.0220065898062	-0.41366190476746	0.67946746895667	0.992971816502764	-8.06927849300864	-0.413189925152148
"338"	"TFEC"	0.00070475077105781	12.621601889379	0.408208944540275	0.683464762902799	0.992971816502764	-8.59693128394356	0.407739733962807
"339"	"SGK1"	0.000988513738289939	12.7465510602877	0.407451989419936	0.684013254143796	0.992971816502764	-8.29131392273187	0.406992830214005
"340"	"PARL"	-0.000971465544327727	12.7771352328459	-0.404429320621808	0.686235867804129	0.992971816502764	-8.24728949068624	-0.403968520753094
"341"	"MAEA"	-0.000719275901892066	12.6339288647263	-0.403219992923929	0.687119685494472	0.992971816502764	-8.55107176976164	-0.402766937943937
"342"	"SUCLG1"	0.0009337688706567	12.7560490880684	0.402399778372661	0.687727385083278	0.992971816502764	-8.27788200434276	0.401941085255526
"343"	"CWC27"	0.000652049686836556	12.6048583920929	0.399408032425988	0.689922353659462	0.992971816502764	-8.65781386037851	0.398960440015903
"344"	"TFB1M"	-0.000579239426251383	12.5795404611413	-0.395346883956567	0.69291294502149	0.992971816502764	-8.71905139907697	-0.394905074250598
"345"	"LIX1L"	0.000584010350545338	12.5824225838917	0.393258880729903	0.694452410076983	0.992971816502764	-8.72376236557937	0.392820029433407
"346"	"DBF4"	0.000874593374586458	12.712823205519	0.392221179677141	0.695217969573271	0.992971816502764	-8.35424725669955	0.391783794963142
"347"	"RPS20"	-0.000450218466822958	15.1235838027223	-0.391376992751785	0.695840995531608	0.992971816502764	-8.99310119730908	-0.390940799323024
"348"	"DALRD3"	-0.000774707030635768	12.6944460496234	-0.381474026049421	0.70316489534199	0.992971816502764	-8.40481252835892	-0.381051687684499
"349"	"ARID4B"	0.00109581790631837	13.2406431243322	0.375253958857361	0.707781297525655	0.992971816502764	-8.05355480637473	0.374837534576128
"350"	"SMIM4"	-0.000764267425688454	12.7030913497532	-0.366134208671826	0.714566769287301	0.992971816502764	-8.38446507561934	-0.365729716829236
"351"	"ADPRHL2"	-0.00074739496330719	12.708920322368	-0.357980465197939	0.720652686266858	0.992971816502764	-8.40964348704379	-0.357586628731072
"352"	"AURKAIP1"	0.00103821577697207	13.1763120745664	0.353189917831636	0.724233902010461	0.992971816502764	-8.06420774697777	0.352805977740902
"353"	"CACYBP"	-0.000939685215449755	12.8667522427256	-0.352464897835304	0.724776827154069	0.992971816502764	-8.17908691446066	-0.352081919962465
"354"	"NSMAF"	-0.000614284990544746	12.6385559914692	-0.352319434645096	0.724885772821341	0.992971816502764	-8.58584672817834	-0.351936649695983
"355"	"KLHL24"	-0.000781830538219391	12.7443332038699	-0.349179455983587	0.72723884400128	0.992971816502764	-8.34041204953754	-0.348800825007135
"356"	"ATP6AP2"	0.000906728826538722	12.8547140060505	0.346026532449586	0.729606905059086	0.992971816502764	-8.17598160419653	0.345648482914065
"357"	"STARD3NL"	0.000553237337835899	12.6162140594289	0.345852995065146	0.729734488265377	0.992971816502764	-8.65445806498985	0.34547874302362
"358"	"PHF6"	-0.000716647851926535	12.6964120646952	-0.345365060286642	0.73010319320853	0.992971816502764	-8.41632479205536	-0.344988264663667
"359"	"AZIN1"	0.000888640143722732	12.8557059870285	0.344748240462135	0.73056395827554	0.992971816502764	-8.18272033642181	0.344375437801382
"360"	"PDLIM7"	-0.000643789030432377	12.6470655495411	-0.344257911329513	0.730932208017971	0.992971816502764	-8.52904235441558	-0.343885751174085
"361"	"ASF1A"	-0.000599342751567662	12.617177053492	-0.344054663761589	0.731086546474978	0.992971816502764	-8.61212227877971	-0.343680541400105
"362"	"TOMM70"	-0.000563874770141242	12.6072781291678	-0.34332672487963	0.731631724553597	0.992971816502764	-8.65431473123588	-0.342955783590482
"363"	"UBE2J1"	-0.00088857015916306	12.8937668733174	-0.342661825186243	0.732131341197725	0.992971816502764	-8.21345875597208	-0.342291753155134
"364"	"PAXIP1-AS1"	0.000581847711977026	12.628919548485	0.342370008238994	0.732350653367022	0.992971816502764	-8.60287069966595	0.342000317438328
"365"	"SRPK1"	-0.0008596300983581	12.8293211868223	-0.341874655326434	0.732722981328061	0.992971816502764	-8.22444146772682	-0.34150561126972
"366"	"AAMP"	0.000812330443776942	12.7806499987494	0.329705182080418	0.74188973787023	0.992971816502764	-8.26490561219803	0.329351875947735
"367"	"DPH2"	0.00052130909136206	12.6055321498456	0.328936348072731	0.742470123175795	0.992971816502764	-8.68892214692646	0.328584026613934
"368"	"HCCS"	-0.000594852580705612	12.6439068323936	-0.328055718964924	0.743136212378858	0.992971816502764	-8.54054060381872	-0.327703029747457
"369"	"SRSF3"	0.00085724433974354	13.7785256420211	0.324713342581196	0.745660647325516	0.992971816502764	-8.17158556109295	0.324366409673801
"370"	"LRIF1"	-0.000566794634853343	12.6230735199304	-0.324259453893486	0.746006789822516	0.992971816502764	-8.59515746677555	-0.32390918516005
"371"	"ZBTB24"	0.00071476058302187	12.7267166706814	0.323537053657394	0.746550130185633	0.992971816502764	-8.35248470403865	0.323191615703885
"372"	"RALB"	0.000527665162998051	12.6115020869856	0.323385930827913	0.746671395117586	0.992971816502764	-8.64496429449496	0.323031488333495
"373"	"MAGED2"	0.000770980410569774	12.7926477166443	0.320948698865868	0.748508579821736	0.992971816502764	-8.2544389560218	0.320606541355888
"374"	"S100A4"	-0.000919016587794511	13.0006982442418	-0.316050533172908	0.752221746810131	0.992971816502764	-8.12135429632657	-0.315711171029425
"375"	"UBE2E1"	0.000715967950961789	12.7543836101162	0.311810976325084	0.755435516157019	0.992971816502764	-8.31129586594665	0.311480300936769
"376"	"IP6K2"	0.000592336660044002	12.6612272727599	0.306862318133019	0.759195205513306	0.992971816502764	-8.50581727732431	0.306537797825375
"377"	"STK10"	0.000679108061242831	12.7235457129164	0.306293645175504	0.759630982913711	0.992971816502764	-8.35463004017285	0.305965409328711
"378"	"MGST3"	0.000646895238969048	12.7231639493865	0.30461714804657	0.760902844905817	0.992971816502764	-8.39134310657106	0.304295405860651
"379"	"MRPS28"	-0.000505004380489752	12.62954990372	-0.301118741957414	0.76356600870622	0.992971816502764	-8.62250283627519	-0.300801310919295
"380"	"ANXA2R"	0.000514873894119637	12.623498811725	0.298219490600405	0.765776389883626	0.992971816502764	-8.61401019811283	0.297904059024654
"381"	"TSPYL2"	0.000606917152196446	12.6793483946489	0.294437222681425	0.768660121541264	0.992971816502764	-8.47389193903438	0.294127966299345
"382"	"STK19"	-0.000428130465556943	12.5704127596303	-0.292555365533199	0.770096709918283	0.992971816502764	-8.78174667868206	-0.292248397737291
"383"	"METTL5"	0.000660505464653663	12.7490377840722	0.291748442981455	0.77071294890325	0.992971816502764	-8.32691249404009	0.291442454669347
"384"	"PAPOLG"	0.000406073588904227	12.5666362239536	0.289110572688504	0.7727284791178	0.992971816502764	-8.80490860242306	0.288807778697089
"385"	"ARL6IP6"	0.000501955854030412	12.6314214100031	0.287022482690495	0.774325030936247	0.992971816502764	-8.60442447947774	0.286722208998027
"386"	"PLP2"	0.000769148165577628	13.674906968512	0.281878107313552	0.778266096548342	0.992971816502764	-8.13627245529423	0.2815793233023
"387"	"OSBPL11"	0.000451439068590871	12.6092343044037	0.27964436656958	0.779973982035994	0.992971816502764	-8.67701932105332	0.279352940477376
"388"	"TNFRSF10B"	-0.000420455532904117	12.5797941676622	-0.27822421421636	0.781062654319083	0.992971816502764	-8.76519462020493	-0.277934480934803
"389"	"CCDC50"	0.000823619946476308	13.122123124411	0.274903226031893	0.783611769900949	0.992971816502764	-8.095086802487	0.274615352728978
"390"	"UBAP2L"	0.000503033444872541	12.6408374484645	0.274897545202746	0.783617449944452	0.992971816502764	-8.55794038660215	0.274607960302514
"391"	"ORMDL1"	-0.000755025267279171	13.0490737579844	-0.273529749919181	0.784666676425329	0.992971816502764	-8.11595809875687	-0.273242676702893
"392"	"MPLKIP"	-0.000723927689470124	12.8719592555255	-0.271535644564147	0.786195805805785	0.992971816502764	-8.1949146767256	-0.271253840582586
"393"	"SEMA4D"	0.000427387075998198	12.6004595612198	0.268532984335362	0.788504936815071	0.992971816502764	-8.70693195362801	0.268252538087306
"394"	"UQCRC1"	-0.00057915208278375	12.7365432238309	-0.266941235910218	0.789729542621086	0.992971816502764	-8.38247971358273	-0.266661833388506
"395"	"URM1"	0.000576663525490646	12.7390938392835	0.26214700277968	0.79341688083117	0.992971816502764	-8.35409126087974	0.26187621072937
"396"	"RPL39"	0.000223854182050124	15.4855645113465	0.256771712462551	0.797562376508422	0.992971816502764	-9.29036463844081	0.256503113642042
"397"	"ATF6"	-0.000565037902905573	12.7326652750997	-0.256348619259301	0.797885543154175	0.992971816502764	-8.36538748914322	-0.256084560967843
"398"	"ODC1"	-0.000740980644981462	13.2356824943237	-0.253445157115472	0.800129636763876	0.992971816502764	-8.07231896594298	-0.253179332313011
"399"	"HIPK1"	-0.000366964106394393	12.5754202585318	-0.251957318887146	0.801274250235284	0.992971816502764	-8.77369028277437	-0.251698327003997
"400"	"WDR48"	-0.000389327477474804	12.5957181463155	-0.248549603220948	0.80390891647179	0.992971816502764	-8.71533801370092	-0.248291446595843
"401"	"ASL"	0.000348829448158984	12.5673433732762	0.24139526439435	0.809445158465531	0.992971816502764	-8.77900653933276	0.241141875222614
"402"	"NPM1"	-0.000483494543634942	14.2594073443561	-0.239830465132212	0.81065174648155	0.992971816502764	-8.49029264892404	-0.239585319777046
"403"	"PWWP2A"	-0.00041745902127527	12.62767205024	-0.236663667129439	0.813105146101524	0.992971816502764	-8.61895602713262	-0.236422103585805
"404"	"OFD1"	0.000661915975494071	13.0221269150545	0.223409882697491	0.823392955606378	0.992971816502764	-8.13268406433731	0.223183162802446
"405"	"IMPDH2"	-0.000548384388697817	12.8727853815589	-0.210418788757622	0.833506586559443	0.992971816502764	-8.22293466957066	-0.21020639759227
"406"	"ABHD17B"	0.000301277425395568	12.5974380033496	0.200998031668524	0.840861032031494	0.992971816502764	-8.76434963335186	0.2007922386085
"407"	"TMEM165"	-0.000569457865501666	13.1479267206693	-0.197726198727906	0.843414678745546	0.992971816502764	-8.11135723560475	-0.197527608265744
"408"	"YPEL5"	-0.000585056811872275	13.1103355384978	-0.19582038733478	0.844904589119371	0.992971816502764	-8.11790678715954	-0.195623852844106
"409"	"PCMTD1"	0.000469460738280397	12.7577671340059	0.195183432487844	0.84540528124609	0.992971816502764	-8.3062151644389	0.19498424541284
"410"	"DHX29"	-0.000336781215612752	12.6315543179917	-0.192311800940782	0.84765162621937	0.992971816502764	-8.60742951857451	-0.192115637364295
"411"	"NUDCD2"	-0.00044214939234157	12.7735872032015	-0.190644705509352	0.848953594627146	0.992971816502764	-8.32880735868351	-0.190453733821211
"412"	"PRKAA1"	-0.000385731672925059	12.6976146434208	-0.186415017495426	0.852268037932244	0.992971816502764	-8.44810083542783	-0.186225359317917
"413"	"CAPZA1"	-0.000545688296771479	13.2924531012176	-0.183068528616997	0.854890389231878	0.992971816502764	-8.08446978920693	-0.182882277049538
"414"	"EDEM1"	-0.000463130152734113	12.8139679400516	-0.181523151600696	0.856099210164866	0.992971816502764	-8.260297317634	-0.181341912198345
"415"	"TGOLN2"	-0.000462470831836216	12.8253023152685	-0.1806730994722	0.856767631470089	0.992971816502764	-8.23684522034433	-0.180490347587507
"416"	"TOMM5"	-0.000475535315333651	12.8928510140456	-0.176996144990532	0.859650012203049	0.992971816502764	-8.20598471696486	-0.176819702935245
"417"	"ABCF2.1"	0.000287508877067801	12.6378398344154	0.173578960681376	0.862332210257195	0.992971816502764	-8.65779482910023	0.173406125927091
"418"	"COPS4"	0.000359092657533979	12.6947839355975	0.171631203329965	0.8638631057775	0.992971816502764	-8.44866933964665	0.171458695360282
"419"	"EBP"	0.000251361822970683	12.5848439380478	0.170184131720325	0.864998443087028	0.992971816502764	-8.77294105187016	0.170014869038933
"420"	"STAG2"	-0.000439728627942374	12.8544038808583	-0.169131467090391	0.865827300370114	0.992971816502764	-8.22301745373855	-0.168961022136966
"421"	"ATP2C1"	0.000246791439296253	12.5727071021645	0.16658714316068	0.86782513502806	0.992971816502764	-8.80872779433638	0.166421652872466
"422"	"CENPH"	0.000256870318482044	12.601051619568	0.163562568074288	0.870206115087514	0.992971816502764	-8.70374935579351	0.163396682089501
"423"	"ANP32E"	-0.000419353859892975	12.8557019334526	-0.162314464353038	0.871186806552934	0.992971816502764	-8.24131287611702	-0.162151176289567
"424"	"LRWD1"	0.000258699863292292	12.5987368080056	0.16169165263009	0.871674979675218	0.992971816502764	-8.73475893584748	0.161531276545875
"425"	"SNRPC"	-0.000436479174539295	12.91690438752	-0.158157568284783	0.874456113023364	0.992971816502764	-8.19866672019753	-0.158000870181788
"426"	"RNF4"	-0.000301206852931226	12.663215174362	-0.157152606795269	0.875247249894138	0.992971816502764	-8.5235309257743	-0.156996952471486
"427"	"TMF1"	-0.000430014059482018	12.9578125257753	-0.155125526213721	0.876844973198598	0.992971816502764	-8.15749858185433	-0.154969993507031
"428"	"REV3L"	0.000379854295693582	12.821484528859	0.154348594825574	0.877455315873437	0.992971816502764	-8.26639698490198	0.154195847977798
"429"	"ANAPC4"	-0.000219623793692244	12.5658127858408	-0.15388462685789	0.877820768155074	0.992971816502764	-8.8272118831648	-0.153732360416423
"430"	"PAG1"	-0.000239938666582501	12.6042353475132	-0.150880514849299	0.880187638621261	0.992971816502764	-8.72859834043946	-0.150731354336131
"431"	"TMEM41A"	0.000213413168747931	12.5635963616985	0.150096390518972	0.880806511844371	0.992971816502764	-8.81290319838512	0.149946896561201
"432"	"BAZ1B"	0.000358696829830867	12.7878418499158	0.146056678227278	0.883990472629027	0.992971816502764	-8.30569043553595	0.145912488602486
"433"	"THAP6"	0.000221042518877387	12.5811130407004	0.144699124094273	0.885061178718792	0.992971816502764	-8.78473446950671	0.14455632982896
"434"	"OXSR1"	0.000287322762295763	12.6954610339669	0.143546488687645	0.885970430752631	0.992971816502764	-8.47725421175638	0.143404877943007
"435"	"TBPL1"	-0.000316634864425348	12.7391568864034	-0.138672093664111	0.889818512850123	0.992971816502764	-8.35707675360844	-0.138533857894804
"436"	"YBX1"	-0.000216002633336535	14.6035421461396	-0.137915350654707	0.890416186804431	0.992971816502764	-8.70579941272386	-0.137777601657333
"437"	"TIFA"	0.000331580897610699	12.8086684473481	0.130564966171126	0.896221002941576	0.992971816502764	-8.27439148093899	0.130436610584203
"438"	"MNDA"	0.000208372276445953	12.6038512702831	0.128360367948719	0.897964877877654	0.992971816502764	-8.69365179042886	0.12823263043257
"439"	"TIMM17B"	-0.000339218167583554	12.8789338888176	-0.125885804558163	0.899921111066022	0.992971816502764	-8.21131574941997	-0.12576100382289
"440"	"RYK"	0.000201202014791006	12.5908475423474	0.125602455615971	0.900144906275802	0.992971816502764	-8.72623615013473	0.125478296294181
"441"	"EPB41L2"	-0.000212236067499267	12.6187781556127	-0.124369228639115	0.901119774383017	0.992971816502764	-8.68469380143665	-0.124246918551628
"442"	"AL662844.4"	0.000218322469727126	12.6251169098093	0.124301679761722	0.901173016164318	0.992971816502764	-8.64854971923177	0.124179673107212
"443"	"CSNK2B"	0.000345533968974806	13.0343434727095	0.12203700701504	0.902965223166442	0.992971816502764	-8.1459791818625	0.121916405087381
"444"	"LEMD2"	-0.000194154202186904	12.6040259348097	-0.120693610824881	0.90402747449004	0.992971816502764	-8.71453171348927	-0.120575248659325
"445"	"ACTR1B"	0.000231853949239266	12.6900857889464	0.116663078518434	0.907217631149618	0.992971816502764	-8.4912825812233	0.116548776816444
"446"	"MANF"	-0.000280907665603207	12.8431078659183	-0.115966120617783	0.90777029662641	0.992971816502764	-8.29961816226911	-0.115851421194812
"447"	"ACSL1"	0.000206507677489284	12.6327945800638	0.114832638897107	0.908667642838431	0.992971816502764	-8.61807740966022	0.114719265810397
"448"	"ABRACL"	0.000242905644701599	12.7285475698376	0.111163690228775	0.911572803213768	0.992971816502764	-8.39872788553213	0.111054911114405
"449"	"SF3A3"	-0.000237338812671414	12.7399483474526	-0.108495245151148	0.913687016470793	0.992971816502764	-8.40474238153543	-0.108389138659537
"450"	"UTP11"	0.000208947462670939	12.653138447088	0.108244619629655	0.913886371080353	0.992971816502764	-8.55012505409456	0.108137816142683
"451"	"DFFA"	-0.000233737894693025	12.7315792056971	-0.106339614216577	0.915396363590047	0.992971816502764	-8.39315425199734	-0.10623441830605
"452"	"UBR2"	0.000177764705229191	12.6179085884692	0.105661470040208	0.915933808405126	0.992971816502764	-8.67491598013184	0.105557043728937
"453"	"COPS7B"	0.000182157477554886	12.6356890535414	0.104808413511632	0.916609942088509	0.992971816502764	-8.63077316428256	0.104704939837028
"454"	"LZTFL1"	0.000147718593182619	12.5635172425885	0.104259682113072	0.917044545083832	0.992971816502764	-8.84275537263767	0.10415726746185
"455"	"TEX264"	-0.000191280398180466	12.6747681231643	-0.0953624266078608	0.924101699566292	0.992971816502764	-8.48863228703019	-0.0952683270332066
"456"	"NQO2"	0.000149151098528769	12.5974505416178	0.0952036944244012	0.924227658171625	0.992971816502764	-8.73000795827744	0.0951097445028887
"457"	"GGPS1"	-0.00019305162935714	12.6857158776565	-0.0950993224828519	0.924309610432653	0.992971816502764	-8.48705551080214	-0.0950065674704131
"458"	"TSC22D3"	-0.000296308174422702	13.2046933224431	-0.0933838871047887	0.925670924576253	0.992971816502764	-8.12096163936182	-0.0932928344015184
"459"	"PLOD3"	-0.000132196665433132	12.5683764775218	-0.0915660053935396	0.927113775666626	0.992971816502764	-8.82942245590571	-0.0914767549246285
"460"	"MAP4K4"	-0.000202146969641156	12.7505707451114	-0.0904166024247141	0.928026180496591	0.992971816502764	-8.39907201540886	-0.0903284905582983
"461"	"HSF1"	0.000220761600531301	12.7957546484405	0.0896228992842369	0.928656283727697	0.992971816502764	-8.29904516425406	0.089535573258305
"462"	"RPS12"	-7.95282620861593e-05	15.4375560644272	-0.0887662780214829	0.929337029030213	0.992971816502764	-9.29691480023849	-0.088678991586985
"463"	"HSPB1"	0.000144993976117241	12.6200980277551	0.0861115319032448	0.931444414463232	0.992971816502764	-8.70083147785377	0.0860276785743982
"464"	"TMEM14B"	0.000232174532827177	12.9173584465135	0.0860025361440372	0.931530974077863	0.992971816502764	-8.19884425542081	0.0859187905108428
"465"	"CASP8AP2"	0.00015357361272956	12.6362926637196	0.0855019338009671	0.931928540779036	0.992971816502764	-8.61378931460496	0.0854186827229796
"466"	"CXXC5"	0.000233644076109499	13.0645410651407	0.0816162867335399	0.935015004301297	0.992971816502764	-8.153025831922	0.0815368701986377
"467"	"KLHL2"	0.000124362411529762	12.5860146964121	0.0815594714337487	0.935060141472161	0.992971816502764	-8.78847540313237	0.081480110913116
"468"	"BZW1"	-0.000233933309833024	13.2469076255449	-0.0802181196287763	0.936125845131384	0.992971816502764	-8.11747372869164	-0.0801400811075744
"469"	"SLBP"	0.000224940745173538	12.9289692451945	0.0797078456983858	0.936531287965809	0.992971816502764	-8.1925395670893	0.0796303098687698
"470"	"GNB2"	0.000178821951155751	12.8308021388862	0.0704512745952819	0.943889329767755	0.992971816502764	-8.29613185743392	0.070382361683226
"471"	"UQCRQ"	-0.000206593120625718	13.2125434829502	-0.070058562414766	0.944201212471187	0.992971816502764	-8.12068494024502	-0.0699905107114334
"472"	"EIF4E2"	0.000153405166372315	12.7514320415835	0.0672063469869677	0.946470033564252	0.992971816502764	-8.36902822985458	0.0671402722817221
"473"	"CXCL8"	-0.000176944575763041	12.8718552857331	-0.0665054429268434	0.947027638508373	0.992971816502764	-8.24366125788255	-0.0664398576045701
"474"	"SCRN1"	-0.000103776970768575	12.597312987869	-0.0662017906564808	0.947268340507338	0.992971816502764	-8.74491910330867	-0.0661375188474387
"475"	"PIN4"	0.000159803326807118	12.7941168510082	0.0639850826526716	0.949032283878845	0.992971816502764	-8.28528751730676	0.0639220637413007
"476"	"RPS7"	-6.95925407353958e-05	15.1116297901323	-0.0604861141980511	0.951816078681799	0.992971816502764	-9.03554124086435	-0.0604263425300992
"477"	"CTDSP1"	-0.000147141488643543	12.8235129172845	-0.0603411486626609	0.951930552075215	0.992971816502764	-8.30544180273165	-0.0602826098610916
"478"	"COA5"	0.000100215405514419	12.6132860506901	0.0580130797003362	0.953783027413616	0.992971816502764	-8.68425955471545	0.0579568148683962
"479"	"NCL"	0.000163188055690328	13.5279479037101	0.0554947565174422	0.95578755279861	0.992971816502764	-8.14792584666412	0.055440472764952
"480"	"LRCH3"	-0.000105199196426327	12.6628724975139	-0.054869911360167	0.956285065348182	0.992971816502764	-8.54942155043098	-0.0548159850164968
"481"	"TRUB2"	-0.000104112881048478	12.6585706940736	-0.0546548853857517	0.956455627013435	0.992971816502764	-8.54860072181242	-0.0546018975201176
"482"	"SREK1"	-0.000145774850986126	12.9081008344549	-0.0536884757828255	0.957224831108665	0.992971816502764	-8.20549195517954	-0.0536364302797838
"483"	"NOL10"	6.38108811753361e-05	12.5668732070912	0.0450621065290224	0.964093033455977	0.996859659908912	-8.83378038746595	0.045017909817371
"484"	"STMN1"	9.53502784645436e-05	12.7949454533362	0.0401539417057728	0.96800163266653	0.996859659908912	-8.32679163909811	0.0401147622937762
"485"	"EIF3I"	0.000105647987659316	13.136690612086	0.0375373658402384	0.970086002590999	0.996859659908912	-8.1188946787705	0.0375004233627631
"486"	"GEMIN6"	-6.04556046462904e-05	12.6219448356248	-0.035687843678417	0.971558805340161	0.996859659908912	-8.6677571278422	-0.0356533034065188
"487"	"GPSM2"	4.62029527225671e-05	12.5748180209777	0.0308015661840896	0.97545173635762	0.996859659908912	-8.80880971840883	0.0307715413791881
"488"	"DCUN1D1"	-5.63106282353081e-05	12.6505212536718	-0.0304411498752801	0.975738715687235	0.996859659908912	-8.57674865821306	-0.0304116977864067
"489"	"ATP6V1C1"	5.4659526905327e-05	12.6390474105503	0.0296611438085938	0.97636018712703	0.996859659908912	-8.59794726664843	0.0296324477256814
"490"	"PRPF38B"	8.5291946665397e-05	13.2011420570644	0.028955659981674	0.976922466710734	0.996859659908912	-8.12011121047785	0.0289274326145034
"491"	"MRPL32"	5.37085469551174e-05	12.8031847437328	0.0222143562481867	0.982294102753197	0.997084074041605	-8.29135849221766	0.0221928729510096
"492"	"PSMA5"	6.15019946968135e-05	12.990558265565	0.0218626625607437	0.982574734774444	0.997084074041605	-8.15504397181862	0.021841067611629
"493"	"PTRHD1"	5.41491102929806e-05	12.8193039702019	0.0206147070758646	0.983568910803986	0.997084074041605	-8.27792282661279	0.0205947721486054
"494"	"PARP8"	-2.84769725259873e-05	12.6411562871094	-0.0163763315756913	0.986946995981473	0.997084074041605	-8.63308848335894	-0.016360244265488
"495"	"MRM2"	-2.89749745944764e-05	12.6507948031446	-0.0158052342942595	0.987401963848189	0.997084074041605	-8.57504379985433	-0.0157899529189926
"496"	"MCCC2"	2.17043962832804e-05	12.7135523362934	0.00990574633386197	0.992104127337203	0.997084074041605	-8.4300654167409	0.00989617036125435
"497"	"GRHPR"	1.58387593343664e-05	12.6371695443662	0.00904324394909945	0.99279160847408	0.997084074041605	-8.65626076443208	0.00903450190792635
"498"	"UGCG"	-1.20130407873203e-05	12.6358620468234	-0.00681404827349289	0.994568473591252	0.997084074041605	-8.63196915980755	-0.00680746141295185
"499"	"ZDHHC12"	1.54678206142073e-05	12.8099238949088	0.00615988365738073	0.995089905893522	0.997084074041605	-8.28273080058708	0.00615392920139401
"500"	"PPP1R11"	5.35985536503276e-06	12.9058272361744	0.00200715723605926	0.998400088368237	0.998400088368237	-8.21121594869689	0.00200519321028958
